-- users

insert into users (id, nickname, cover_image, description, updated_at) values ('01J7XZ486X0V437WJG7ZQMBNRA', 'Jaine', 'https://rambler.ru/ornare/imperdiet/sapien/urna.jpg?vestibulum=mi&sit=nulla&amet=ac&cursus=enim&id=in&turpis=tempor&integer=turpis&aliquet=nec&massa=euismod&id=scelerisque&lobortis=quam&convallis=turpis&tortor=adipiscing', 'imperdiet et commodo vulputate justo in blandit ultrices enim lorem ipsum dolor sit amet', '2024-09-01T12:33:52Z');
insert into users (id, nickname, cover_image, description, updated_at) values ('01J7XZ486YHE80GNWDVQXG50FQ', 'Omero', 'http://army.mil/nec.aspx?sed=vitae', 'donec quis orci eget orci vehicula condimentum curabitur in libero ut massa volutpat convallis morbi odio', '2024-07-17T22:36:37Z');
insert into users (id, nickname, cover_image, description, updated_at) values ('01J7XZ486ZJQ0F7XN8VQZ0D96R', 'Jordanna', 'http://upenn.edu/bibendum/imperdiet/nullam/orci/pede.xml?amet=aliquet&sapien=pulvinar&dignissim=sed&vestibulum=nisl', 'fusce consequat nulla nisl nunc nisl duis bibendum felis sed interdum venenatis turpis enim blandit mi', '2024-04-07T05:33:58Z');
insert into users (id, nickname, cover_image, description, updated_at) values ('01J7XZ48702KHMJA6X979JNGBP', 'Prentice', 'https://spotify.com/sit/amet/justo.jpg?ut=quis&volutpat=tortor&sapien=id&arcu=nulla&sed=ultrices&augue=aliquet&aliquam=maecenas&erat=leo&volutpat=odio&in=condimentum&congue=id&etiam=luctus&justo=nec&etiam=molestie&pretium=sed&iaculis=justo&justo=pellentesque&in=viverra&hac=pede&habitasse=ac&platea=diam&dictumst=cras&etiam=pellentesque&faucibus=volutpat&cursus=dui&urna=maecenas&ut=tristique&tellus=est&nulla=et&ut=tempus&erat=semper&id=est&mauris=quam&vulputate=pharetra&elementum=magna&nullam=ac&varius=consequat&nulla=metus&facilisi=sapien&cras=ut&non=nunc&velit=vestibulum&nec=ante&nisi=ipsum&vulputate=primis&nonummy=in&maecenas=faucibus&tincidunt=orci&lacus=luctus&at=et&velit=ultrices&vivamus=posuere&vel=cubilia&nulla=curae&eget=mauris&eros=viverra&elementum=diam&pellentesque=vitae&quisque=quam&porta=suspendisse&volutpat=potenti&erat=nullam&quisque=porttitor&erat=lacus&eros=at&viverra=turpis&eget=donec&congue=posuere&eget=metus&semper=vitae&rutrum=ipsum&nulla=aliquam', 'accumsan tortor quis turpis sed ante vivamus tortor duis mattis egestas metus aenean fermentum', '2023-09-18T18:13:15Z');
insert into users (id, nickname, cover_image, description, updated_at) values ('01J7XZ48705VDKPHTJD2XCT0TJ', 'Alicea', 'https://toplist.cz/turpis/eget/elit/sodales/scelerisque/mauris/sit.html?non=quam&velit=sollicitudin&donec=vitae&diam=consectetuer&neque=eget&vestibulum=rutrum&eget=at&vulputate=lorem&ut=integer&ultrices=tincidunt&vel=ante&augue=vel&vestibulum=ipsum&ante=praesent&ipsum=blandit&primis=lacinia&in=erat&faucibus=vestibulum&orci=sed&luctus=magna&et=at&ultrices=nunc&posuere=commodo&cubilia=placerat&curae=praesent&donec=blandit&pharetra=nam&magna=nulla&vestibulum=integer&aliquet=pede&ultrices=justo&erat=lacinia&tortor=eget&sollicitudin=tincidunt&mi=eget&sit=tempus&amet=vel&lobortis=pede&sapien=morbi&sapien=porttitor&non=lorem&mi=id&integer=ligula&ac=suspendisse&neque=ornare&duis=consequat&bibendum=lectus&morbi=in&non=est&quam=risus&nec=auctor&dui=sed&luctus=tristique&rutrum=in&nulla=tempus&tellus=sit&in=amet&sagittis=sem&dui=fusce&vel=consequat&nisl=nulla&duis=nisl', 'massa volutpat convallis morbi odio odio elementum eu interdum eu tincidunt in leo', '2023-12-31T07:22:41Z');
insert into users (id, nickname, cover_image, description, updated_at) values ('01J7XZ48717Z9PMYBTJMG7RFPZ', 'Carmelle', 'http://free.fr/sit/amet/sem/fusce/consequat.html?ut=tincidunt&erat=eget&id=tempus&mauris=vel&vulputate=pede&elementum=morbi&nullam=porttitor&varius=lorem&nulla=id&facilisi=ligula&cras=suspendisse&non=ornare&velit=consequat&nec=lectus&nisi=in&vulputate=est&nonummy=risus&maecenas=auctor&tincidunt=sed&lacus=tristique&at=in&velit=tempus&vivamus=sit&vel=amet&nulla=sem&eget=fusce&eros=consequat&elementum=nulla&pellentesque=nisl&quisque=nunc&porta=nisl&volutpat=duis&erat=bibendum&quisque=felis&erat=sed&eros=interdum&viverra=venenatis&eget=turpis&congue=enim&eget=blandit&semper=mi&rutrum=in&nulla=porttitor&nunc=pede&purus=justo&phasellus=eu&in=massa&felis=donec&donec=dapibus&semper=duis&sapien=at&a=velit&libero=eu&nam=est&dui=congue&proin=elementum&leo=in&odio=hac&porttitor=habitasse&id=platea&consequat=dictumst&in=morbi&consequat=vestibulum&ut=velit&nulla=id&sed=pretium&accumsan=iaculis&felis=diam&ut=erat&at=fermentum&dolor=justo&quis=nec&odio=condimentum&consequat=neque&varius=sapien&integer=placerat&ac=ante&leo=nulla&pellentesque=justo&ultrices=aliquam&mattis=quis&odio=turpis&donec=eget&vitae=elit&nisi=sodales&nam=scelerisque&ultrices=mauris&libero=sit&non=amet&mattis=eros&pulvinar=suspendisse&nulla=accumsan&pede=tortor&ullamcorper=quis&augue=turpis&a=sed&suscipit=ante', 'habitasse platea dictumst etiam faucibus cursus urna ut tellus nulla ut erat id mauris', '2023-10-20T02:02:46Z');
insert into users (id, nickname, cover_image, description, updated_at) values ('01J7XZ487286NTE0KXYFJ7H977', 'Rubetta', 'https://geocities.com/ac/leo.json?risus=aliquet&auctor=maecenas&sed=leo&tristique=odio&in=condimentum&tempus=id&sit=luctus&amet=nec&sem=molestie&fusce=sed&consequat=justo&nulla=pellentesque&nisl=viverra&nunc=pede&nisl=ac&duis=diam&bibendum=cras&felis=pellentesque&sed=volutpat&interdum=dui&venenatis=maecenas&turpis=tristique&enim=est&blandit=et&mi=tempus&in=semper&porttitor=est&pede=quam&justo=pharetra&eu=magna&massa=ac&donec=consequat&dapibus=metus&duis=sapien&at=ut&velit=nunc&eu=vestibulum&est=ante&congue=ipsum&elementum=primis&in=in&hac=faucibus&habitasse=orci&platea=luctus&dictumst=et&morbi=ultrices&vestibulum=posuere&velit=cubilia&id=curae&pretium=mauris&iaculis=viverra&diam=diam&erat=vitae&fermentum=quam&justo=suspendisse&nec=potenti&condimentum=nullam&neque=porttitor&sapien=lacus&placerat=at&ante=turpis&nulla=donec&justo=posuere&aliquam=metus&quis=vitae&turpis=ipsum&eget=aliquam&elit=non&sodales=mauris&scelerisque=morbi&mauris=non&sit=lectus&amet=aliquam&eros=sit', 'adipiscing molestie hendrerit at vulputate vitae nisl aenean lectus pellentesque eget nunc donec quis', '2024-09-13T08:25:48Z');
insert into users (id, nickname, cover_image, description, updated_at) values ('01J7XZ48725SRWH03V44T1KG7C', 'Maxwell', 'http://uol.com.br/tempor/turpis/nec/euismod.js?mattis=rutrum&egestas=nulla&metus=tellus&aenean=in&fermentum=sagittis&donec=dui&ut=vel&mauris=nisl&eget=duis&massa=ac&tempor=nibh&convallis=fusce&nulla=lacus&neque=purus&libero=aliquet&convallis=at&eget=feugiat&eleifend=non&luctus=pretium&ultricies=quis&eu=lectus&nibh=suspendisse&quisque=potenti&id=in&justo=eleifend&sit=quam&amet=a&sapien=odio&dignissim=in&vestibulum=hac&vestibulum=habitasse&ante=platea&ipsum=dictumst&primis=maecenas&in=ut&faucibus=massa&orci=quis&luctus=augue&et=luctus&ultrices=tincidunt&posuere=nulla&cubilia=mollis&curae=molestie&nulla=lorem&dapibus=quisque', 'sapien iaculis congue vivamus metus arcu adipiscing molestie hendrerit at', '2024-08-29T05:59:47Z');
insert into users (id, nickname, cover_image, description, updated_at) values ('01J7XZ4873SSRTE4SFFBT0XKG9', 'Sara-ann', 'https://geocities.jp/dolor/vel.js?sociis=cursus&natoque=urna&penatibus=ut&et=tellus&magnis=nulla&dis=ut&parturient=erat&montes=id&nascetur=mauris&ridiculus=vulputate&mus=elementum&etiam=nullam&vel=varius&augue=nulla&vestibulum=facilisi&rutrum=cras&rutrum=non&neque=velit&aenean=nec&auctor=nisi&gravida=vulputate&sem=nonummy&praesent=maecenas&id=tincidunt&massa=lacus&id=at&nisl=velit&venenatis=vivamus&lacinia=vel&aenean=nulla&sit=eget&amet=eros&justo=elementum&morbi=pellentesque&ut=quisque&odio=porta&cras=volutpat&mi=erat&pede=quisque&malesuada=erat&in=eros&imperdiet=viverra&et=eget&commodo=congue&vulputate=eget&justo=semper&in=rutrum&blandit=nulla&ultrices=nunc&enim=purus&lorem=phasellus&ipsum=in&dolor=felis&sit=donec&amet=semper&consectetuer=sapien&adipiscing=a&elit=libero&proin=nam&interdum=dui&mauris=proin&non=leo&ligula=odio&pellentesque=porttitor&ultrices=id&phasellus=consequat&id=in&sapien=consequat&in=ut&sapien=nulla&iaculis=sed&congue=accumsan&vivamus=felis&metus=ut&arcu=at&adipiscing=dolor&molestie=quis&hendrerit=odio&at=consequat&vulputate=varius&vitae=integer&nisl=ac&aenean=leo', 'dictumst aliquam augue quam sollicitudin vitae consectetuer eget rutrum at lorem integer tincidunt', '2024-07-21T08:16:56Z');

-- ratings

insert into ratings (id, rating, privacy) values ('01J7XYKTS1Y4YXFKN9281KZQNT', 4, true);
insert into ratings (id, rating, privacy) values ('01J7XYKTS15060NDRE9QJ2MGTE', 2, true);
insert into ratings (id, rating, privacy) values ('01J7XYKTS2ZJV0QGFKMFTZ7G1M', 5, false);
insert into ratings (id, rating, privacy) values ('01J7XYKTS227GEVHVF16VRSSMD', 3, true);
insert into ratings (id, rating, privacy) values ('01J7XYKTS3Y3C7XS6ZN7DZ6YMV', 3, false);
insert into ratings (id, rating, privacy) values ('01J7XYKTS3T49XD3BKZXQT4HT5', 1, true);
insert into ratings (id, rating, privacy) values ('01J7XYKTS4FV76KFTA7GD5Y511', 2, true);
insert into ratings (id, rating, privacy) values ('01J7XYKTS49E48ZSQ8KWHXCJMY', 2, false);
insert into ratings (id, rating, privacy) values ('01J7XYKTS4XXN5HGJ85AXCH736', 4, true);
insert into ratings (id, rating, privacy) values ('01J7XYKTS4X2JNNA0VATC7ZAWR', 5, true);
insert into ratings (id, rating, privacy) values ('01J7XYKTS5MDNY42GWRC8M2WNW', 2, true);
insert into ratings (id, rating, privacy) values ('01J7XYKTS5R76GZZN10F8XH6NZ', 2, true);
insert into ratings (id, rating, privacy) values ('01J7XYKTS5K011Z2AEVKNZ9K11', 5, true);
insert into ratings (id, rating, privacy) values ('01J7XYKTS6CQGX24TJV3R7YW4X', 1, false);
insert into ratings (id, rating, privacy) values ('01J7XYKTS63X17ZF6KQBHB2WCB', 3, false);
insert into ratings (id, rating, privacy) values ('01J7XYKTS6FZ2T3JRQGDT329FB', 2, false);
insert into ratings (id, rating, privacy) values ('01J7XYKTS67DMB45D8SV2X466P', 3, true);
insert into ratings (id, rating, privacy) values ('01J7XYKTS7M11BFRN2M6WP2TK2', 2, true);
insert into ratings (id, rating, privacy) values ('01J7XYKTS73PGX3MY88KNWXEM9', 2, true);
insert into ratings (id, rating, privacy) values ('01J7XYKTS7A6CRAGR82ZBSRAN7', 4, false);
insert into ratings (id, rating, privacy) values ('01J7XYKTS7QNET5QPCGXKT9DQP', 3, true);
insert into ratings (id, rating, privacy) values ('01J7XYKTS8K6DKG7NH1ZX578N6', 5, false);
insert into ratings (id, rating, privacy) values ('01J7XYKTS810J0P1Z0VS4E899V', 4, true);
insert into ratings (id, rating, privacy) values ('01J7XYKTS8PJ1CP1RP1TJ7ZDZB', 5, false);
insert into ratings (id, rating, privacy) values ('01J7XYKTS86J4A1N78ZBYK184J', 1, true);
insert into ratings (id, rating, privacy) values ('01J7XYKTS946QZ1C31TBNANWM7', 4, false);
insert into ratings (id, rating, privacy) values ('01J7XYKTS9YRHTYEKTQQM6F62G', 5, false);
insert into ratings (id, rating, privacy) values ('01J7XYKTS9STFHNKD76AP41V43', 3, false);
insert into ratings (id, rating, privacy) values ('01J7XYKTS9D6HRE85J0H825PPB', 1, false);
insert into ratings (id, rating, privacy) values ('01J7XYKTSA1274D1W01V3KT2JZ', 3, true);

-- book_rate

insert into book_rate (rate_id, book_id, user_id) values ('01J7XYKTS1Y4YXFKN9281KZQNT', '01J7W030NT4ZGQEXB6X8241VPG', '01J7XZ486X0V437WJG7ZQMBNRA');
insert into book_rate (rate_id, book_id, user_id) values ('01J7XYKTS15060NDRE9QJ2MGTE', '01J7W030NT4ZGQEXB6X8241VPG', '01J7XZ486YHE80GNWDVQXG50FQ');
insert into book_rate (rate_id, book_id, user_id) values ('01J7XYKTS2ZJV0QGFKMFTZ7G1M', '01J7W030NT4ZGQEXB6X8241VPG', '01J7XZ486ZJQ0F7XN8VQZ0D96R');
insert into book_rate (rate_id, book_id, user_id) values ('01J7XYKTS227GEVHVF16VRSSMD', '01J7W030NT4ZGQEXB6X8241VPG', '01J7XZ48702KHMJA6X979JNGBP');
insert into book_rate (rate_id, book_id, user_id) values ('01J7XYKTS3Y3C7XS6ZN7DZ6YMV', '01J7W030NT4ZGQEXB6X8241VPG', '01J7XZ48705VDKPHTJD2XCT0TJ');
insert into book_rate (rate_id, book_id, user_id) values ('01J7XYKTS3T49XD3BKZXQT4HT5', '01J7W030NT4ZGQEXB6X8241VPG', '01J7XZ48717Z9PMYBTJMG7RFPZ');
insert into book_rate (rate_id, book_id, user_id) values ('01J7XYKTS4FV76KFTA7GD5Y511', '01J7W030W6G4C92QX73SZ8HW3A', '01J7XZ487286NTE0KXYFJ7H977');
insert into book_rate (rate_id, book_id, user_id) values ('01J7XYKTS49E48ZSQ8KWHXCJMY', '01J7W030W6G4C92QX73SZ8HW3A', '01J7XZ48725SRWH03V44T1KG7C');
insert into book_rate (rate_id, book_id, user_id) values ('01J7XYKTS4XXN5HGJ85AXCH736', '01J7W030W6G4C92QX73SZ8HW3A', '01J7XZ4873SSRTE4SFFBT0XKG9');
insert into book_rate (rate_id, book_id, user_id) values ('01J7XYKTS4X2JNNA0VATC7ZAWR', '01J7W030W86V1WTVBYSRP79APE', '01J7XZ486X0V437WJG7ZQMBNRA');
insert into book_rate (rate_id, book_id, user_id) values ('01J7XYKTS5MDNY42GWRC8M2WNW', '01J7W030W86V1WTVBYSRP79APE', '01J7XZ486YHE80GNWDVQXG50FQ');
insert into book_rate (rate_id, book_id, user_id) values ('01J7XYKTS5R76GZZN10F8XH6NZ', '01J7W030W86V1WTVBYSRP79APE', '01J7XZ486ZJQ0F7XN8VQZ0D96R');
insert into book_rate (rate_id, book_id, user_id) values ('01J7XYKTS5K011Z2AEVKNZ9K11', '01J7W030W97E1XPTFS0ZCF5Y9P', '01J7XZ48702KHMJA6X979JNGBP');
insert into book_rate (rate_id, book_id, user_id) values ('01J7XYKTS6CQGX24TJV3R7YW4X', '01J7W030W86V1WTVBYSRP79APE', '01J7XZ48705VDKPHTJD2XCT0TJ');
insert into book_rate (rate_id, book_id, user_id) values ('01J7XYKTS63X17ZF6KQBHB2WCB', '01J7W030WB33P57PYTK6R7WRR7', '01J7XZ48717Z9PMYBTJMG7RFPZ');
insert into book_rate (rate_id, book_id, user_id) values ('01J7XYKTS6FZ2T3JRQGDT329FB', '01J7W030WE7PFAM58P3DBAHYEM', '01J7XZ486X0V437WJG7ZQMBNRA');
insert into book_rate (rate_id, book_id, user_id) values ('01J7XYKTS67DMB45D8SV2X466P', '01J7W030WE7PFAM58P3DBAHYEM', '01J7XZ48705VDKPHTJD2XCT0TJ');
insert into book_rate (rate_id, book_id, user_id) values ('01J7XYKTS7M11BFRN2M6WP2TK2', '01J7W030WE7PFAM58P3DBAHYEM', '01J7XZ48725SRWH03V44T1KG7C');
insert into book_rate (rate_id, book_id, user_id) values ('01J7XYKTS73PGX3MY88KNWXEM9', '01J7W030WG1MQ7NEZEMY3Q0D9Z', '01J7XZ486X0V437WJG7ZQMBNRA');
insert into book_rate (rate_id, book_id, user_id) values ('01J7XYKTS7A6CRAGR82ZBSRAN7', '01J7W030WG1MQ7NEZEMY3Q0D9Z', '01J7XZ48725SRWH03V44T1KG7C');
insert into book_rate (rate_id, book_id, user_id) values ('01J7XYKTS7QNET5QPCGXKT9DQP', '01J7W030WJY05V9C8TSQ7T7F8B', '01J7XZ48705VDKPHTJD2XCT0TJ');
insert into book_rate (rate_id, book_id, user_id) values ('01J7XYKTS8K6DKG7NH1ZX578N6', '01J7W030WJY05V9C8TSQ7T7F8B', '01J7XZ48702KHMJA6X979JNGBP');
insert into book_rate (rate_id, book_id, user_id) values ('01J7XYKTS810J0P1Z0VS4E899V', '01J7W030W97E1XPTFS0ZCF5Y9P', '01J7XZ48705VDKPHTJD2XCT0TJ');
insert into book_rate (rate_id, book_id, user_id) values ('01J7XYKTS8PJ1CP1RP1TJ7ZDZB', '01J7W030WMH7SPERF9PDZ4B27W', '01J7XZ48717Z9PMYBTJMG7RFPZ');
insert into book_rate (rate_id, book_id, user_id) values ('01J7XYKTS86J4A1N78ZBYK184J', '01J7W030WPC54NW84W3EATZ714', '01J7XZ486X0V437WJG7ZQMBNRA');
insert into book_rate (rate_id, book_id, user_id) values ('01J7XYKTS946QZ1C31TBNANWM7', '01J7W030WE7PFAM58P3DBAHYEM', '01J7XZ486YHE80GNWDVQXG50FQ');
insert into book_rate (rate_id, book_id, user_id) values ('01J7XYKTS9YRHTYEKTQQM6F62G', '01J7W030W97E1XPTFS0ZCF5Y9P', '01J7XZ486ZJQ0F7XN8VQZ0D96R');
insert into book_rate (rate_id, book_id, user_id) values ('01J7XYKTS9STFHNKD76AP41V43', '01J7W030W86V1WTVBYSRP79APE', '01J7XZ487286NTE0KXYFJ7H977');
insert into book_rate (rate_id, book_id, user_id) values ('01J7XYKTS9D6HRE85J0H825PPB', '01J7W030WPC54NW84W3EATZ714', '01J7XZ48725SRWH03V44T1KG7C');
insert into book_rate (rate_id, book_id, user_id) values ('01J7XYKTSA1274D1W01V3KT2JZ', '01J7W030WPC54NW84W3EATZ714', '01J7XZ4873SSRTE4SFFBT0XKG9');

-- book_locale

insert into book_locale (id, page, paragraph_number, chapter_number, word_offset, location_indentifier) values ('01J7XZR61Z0V204W86GVA6EMH9', '[544, 544]', '[1, 2]', '[132, 132]', '[328, 338]', null);
insert into book_locale (id, page, paragraph_number, chapter_number, word_offset, location_indentifier) values ('01J7XZR6206M8JBDE11XH58C20', '[840, 840]', '[3, 3]', '[146, 146]', '[183, 193]', null);
insert into book_locale (id, page, paragraph_number, chapter_number, word_offset, location_indentifier) values ('01J7XZR621AZJGP487SMCKEDDB', '[437, 437]', '[2, 4]', '[419, 419]', '[331, 331]', null);
insert into book_locale (id, page, paragraph_number, chapter_number, word_offset, location_indentifier) values ('01J7XZR621ZWN2XG4FMYDK8VHF', '[301, 301]', '[3, 3]', '[163, 163]', '[375, 375]', null);
insert into book_locale (id, page, paragraph_number, chapter_number, word_offset, location_indentifier) values ('01J7XZR6224Z3M0TCFREXMVQ5T', '[496, 496]', '[4, 4]', '[398, 398]', '[370, 370]', null);
insert into book_locale (id, page, paragraph_number, chapter_number, word_offset, location_indentifier) values ('01J7XZR622KXDR94KRMG8T8E8P', '[942, 942]', '[2, 3]', '[602, 602]', '[332, 332]', null);
insert into book_locale (id, page, paragraph_number, chapter_number, word_offset, location_indentifier) values ('01J7XZR6222KW56AJ46DJG2EDQ', '[739, 739]', '[1, 2]', '[437, 437]', '[148, 150]', null);
insert into book_locale (id, page, paragraph_number, chapter_number, word_offset, location_indentifier) values ('01J7XZR6231E6YGMY3TBBFGW51', '[329, 329]', '[1, 4]', '[598, 598]', '[214, 214]', null);
insert into book_locale (id, page, paragraph_number, chapter_number, word_offset, location_indentifier) values ('01J7XZR623YFTHGBSKV39HT7CA', '[0, 0]', null, null, null, '[{},{},{},{},{}]');
insert into book_locale (id, page, paragraph_number, chapter_number, word_offset, location_indentifier) values ('01J7XZR624FPTHANZNHB6FMV4M', '[602, 603]', '[6, 7]', '[503, 503]', '[317, 327]', null);
insert into book_locale (id, page, paragraph_number, chapter_number, word_offset, location_indentifier) values ('01J7XZR624FGRKA7V181MYD1X4', '[663, 663]', '[7, 7]', '[571, 571]', '[195, 200]', null);
insert into book_locale (id, page, paragraph_number, chapter_number, word_offset, location_indentifier) values ('01J7XZR625M6S4PTHE7RGYH3DK', '[239, 239]', '[5, 6]', '[621, 621]', '[481, 491]', null);
insert into book_locale (id, page, paragraph_number, chapter_number, word_offset, location_indentifier) values ('01J7XZR625JQ0V5SWXX33KKFP0', '[861, 861]', '[2, 4]', '[351, 351]', '[341, 351]', null);
insert into book_locale (id, page, paragraph_number, chapter_number, word_offset, location_indentifier) values ('01J7XZR6269T3HNNXX4GFGW0A8', '[919, 919]', '[7, 7]', '[355, 355]', '[417, 427]', null);
insert into book_locale (id, page, paragraph_number, chapter_number, word_offset, location_indentifier) values ('01J7XZR626AV1T7D3J8FA2XX5F', '[760, 761]', '[1, 1]', '[549, 549]', '[17, 37]', null);
insert into book_locale (id, page, paragraph_number, chapter_number, word_offset, location_indentifier) values ('01J7XZR626DH0SWSDY42KZ7128', '[371, 371]', '[3, 4]', '[429, 429]', '[321, 361]', null);
insert into book_locale (id, page, paragraph_number, chapter_number, word_offset, location_indentifier) values ('01J7XZR62790RC0DZQM8RTQM20', '[871, 871]', '[7, 7]', '[222, 222]', '[385, 402]', null);
insert into book_locale (id, page, paragraph_number, chapter_number, word_offset, location_indentifier) values ('01J7XZR627DP07VPFNBP7E4NB5', '[128, 129]', '[4, 5]', '[26, 26]', '[223, 233]', null);
insert into book_locale (id, page, paragraph_number, chapter_number, word_offset, location_indentifier) values ('01J7XZR62809A5MM7J0YZWWGNR', '[362, 362]', '[6, 6]', '[195, 195]', '[275, 285]', null);
insert into book_locale (id, page, paragraph_number, chapter_number, word_offset, location_indentifier) values ('01J7XZR628XQKVE10CDG3H9KK4', '[952, 952]', '[9, 10]', '[314, 314]', '[145, 175]', null);
insert into book_locale (id, page, paragraph_number, chapter_number, word_offset, location_indentifier) values ('01J7XZR629ZSFPAZJX89577CYM', '[757, 759]', '[5, 8]', '[204, 204]', '[104, 144]', null);
insert into book_locale (id, page, paragraph_number, chapter_number, word_offset, location_indentifier) values ('01J7XZR629GHHVS3QXT1WKE0Y0', '[553, 554]', '[1, 3]', '[77, 78]', '[36, 66]', null);
insert into book_locale (id, page, paragraph_number, chapter_number, word_offset, location_indentifier) values ('01J7XZR62A2KPEQZSY1DDFXW21', '[756, 758]', '[7, 9]', '[537, 537]', '[227, 237]', null);
insert into book_locale (id, page, paragraph_number, chapter_number, word_offset, location_indentifier) values ('01J7XZR62AJ96V7VZKZB3NN5EG', '[678, 679]', '[5, 7]', '[295, 295]', '[460, 470]', '[{},{},{},{},{}]');
insert into book_locale (id, page, paragraph_number, chapter_number, word_offset, location_indentifier) values ('01J7XZR62BMA6C1CC9595WPQ3T', '[0, 0]', null, null, null, '[{},{},{},{},{}]');
insert into book_locale (id, page, paragraph_number, chapter_number, word_offset, location_indentifier) values ('01J7XZR62B7XQA78E4GFX8HBTP', '[450, 451]', '[7, 9]', '[382, 383]', '[19, 39]', null);
insert into book_locale (id, page, paragraph_number, chapter_number, word_offset, location_indentifier) values ('01J7XZR62CPC2P5ETN15P9RWYA', '[755, 755]', '[9, 12]', '[359, 359]', '[404, 444]', null);
insert into book_locale (id, page, paragraph_number, chapter_number, word_offset, location_indentifier) values ('01J7XZR62CA8GS5M145S90C857', '[349, 349]', '[7, 8]', '[281, 281]', '[71, 91]', null);
insert into book_locale (id, page, paragraph_number, chapter_number, word_offset, location_indentifier) values ('01J7XZR62DD7NJMMNN0NF0EPMK', '[834, 835]', '[1, 1]', '[570, 570]', '[161, 191]', null);
insert into book_locale (id, page, paragraph_number, chapter_number, word_offset, location_indentifier) values ('01J7XZR62DX8VDQRQS9417R4BW', '[995, 997]', '[2, 4]', '[400, 400]', '[47,100]', null);
insert into book_locale (id, page, paragraph_number, chapter_number, word_offset, location_indentifier) values ('01J7Y8KRAY8VFQ7CCG118KSDJK', '[188, 188]', null, null, null, null);
insert into book_locale (id, page, paragraph_number, chapter_number, word_offset, location_indentifier) values ('01J7Y8KRAZHMPY6WVCRTHX98DM', '[336, 336]', null, null, null, null);
insert into book_locale (id, page, paragraph_number, chapter_number, word_offset, location_indentifier) values ('01J7Y8KRB057EMQSX7FSJXQS1M', '[249, 249]', null, null, null, null);
insert into book_locale (id, page, paragraph_number, chapter_number, word_offset, location_indentifier) values ('01J7Y8KRB1BYJBH4ZY8A65AR4K', '[512, 512]', null, null, null, null);
insert into book_locale (id, page, paragraph_number, chapter_number, word_offset, location_indentifier) values ('01J7Y8KRB1D8F10FC9JDXVEM0T', '[885, 885]', null, null, null, null);
insert into book_locale (id, page, paragraph_number, chapter_number, word_offset, location_indentifier) values ('01J7Y8KRB27AZVQQQ9WWWX2BB4', '[216, 216]', null, null, null, null);
insert into book_locale (id, page, paragraph_number, chapter_number, word_offset, location_indentifier) values ('01J7Y8KRB29NNZCB6HCS8QXSZK', '[185, 185]', null, null, null, null);
insert into book_locale (id, page, paragraph_number, chapter_number, word_offset, location_indentifier) values ('01J7Y8KRB39Y70B82K22DN3Z5A', '[852, 852]', null, null, null, null);
insert into book_locale (id, page, paragraph_number, chapter_number, word_offset, location_indentifier) values ('01J7Y8KRB49FWJST2YHRGF5C22', '[390, 390]', null, null, null, null);
insert into book_locale (id, page, paragraph_number, chapter_number, word_offset, location_indentifier) values ('01J7Y8KRB4673Z5XCHHMR6JABN', '[496, 496]', null, null, null, null);
insert into book_locale (id, page, paragraph_number, chapter_number, word_offset, location_indentifier) values ('01J7YEG8ED1PVRAWYJ1MJDDM9X', '[755, 755]', '[3, 3]', '[2, 2]', '[12, 12]', null);
insert into book_locale (id, page, paragraph_number, chapter_number, word_offset, location_indentifier) values ('01J7YEG8EFK1RM37WT5JY4X0W0', '[995, 995]', '[5, 5]', '[6, 6]', '[45, 45]', null);
insert into book_locale (id, page, paragraph_number, chapter_number, word_offset, location_indentifier) values ('01J7YEG8EG3MPRSQ3K1R5SVKJX', '[885, 885]', '[9, 9]', '[9, 9]', '[54, 54]', null);
insert into book_locale (id, page, paragraph_number, chapter_number, word_offset, location_indentifier) values ('01J7YEG8EJ1WAJKRCTPWYTRAV9', '[756, 756]', '[7, 7]', '[23, 23]', '[64, 64]', null);
insert into book_locale (id, page, paragraph_number, chapter_number, word_offset, location_indentifier) values ('01J7YEG8EKZ3T6Y5N8D08WBMKP', '[0, 0]', null, null, null, '[{},{},{},{},{}]');

-- notes

insert into notes (id, content, privacy, updated_at) values ('01J7XYX8PSNVZP7WQM3QPWNXAY', 'Praesent blandit. Nam nulla. Integer pede justo, lacinia eget, tincidunt eget, tempus vel, pede.

Morbi porttitor lorem id ligula. Suspendisse ornare consequat lectus. In est risus, auctor sed, tristique in, tempus sit amet, sem.

Fusce consequat. Nulla nisl. Nunc nisl.', true, '2005-10-10T07:14:16Z');
insert into notes (id, content, privacy, updated_at) values ('01J7XYX8PTH1BRVS7FQYDSKR3W', 'Maecenas tristique, est et tempus semper, est quam pharetra magna, ac consequat metus sapien ut nunc. Vestibulum ante ipsum primis in faucibus orci luctus et ultrices posuere cubilia Curae; Mauris viverra diam vitae quam. Suspendisse potenti.

Nullam porttitor lacus at turpis. Donec posuere metus vitae ipsum. Aliquam non mauris.', false, '2036-01-13T21:51:43Z');
insert into notes (id, content, privacy, updated_at) values ('01J7XYX8PV604VQJRYJA1AXPXV', 'Suspendisse potenti. In eleifend quam a odio. In hac habitasse platea dictumst.', true, '2044-01-07T14:03:17Z');
insert into notes (id, content, privacy, updated_at) values ('01J7XYX8PWW7YBWRHMYMETDV3W', 'Nullam sit amet turpis elementum ligula vehicula consequat. Morbi a ipsum. Integer a nibh.', true, '2037-12-09T22:25:04Z');
insert into notes (id, content, privacy, updated_at) values ('01J7XYX8PXSKM01GTMS83RXK4T', 'In congue. Etiam justo. Etiam pretium iaculis justo.

In hac habitasse platea dictumst. Etiam faucibus cursus urna. Ut tellus.

Nulla ut erat id mauris vulputate elementum. Nullam varius. Nulla facilisi.', true, '2045-05-29T15:48:10Z');
insert into notes (id, content, privacy, updated_at) values ('01J7XYX8PX5B1ZH3R6JHHZV168', 'Vestibulum ac est lacinia nisi venenatis tristique. Fusce congue, diam id ornare imperdiet, sapien urna pretium nisl, ut volutpat sapien arcu sed augue. Aliquam erat volutpat.', false, '2000-02-18T21:40:55Z');
insert into notes (id, content, privacy, updated_at) values ('01J7XYX8PYC6FVKZBPY8G5V456', 'Etiam vel augue. Vestibulum rutrum rutrum neque. Aenean auctor gravida sem.

Praesent id massa id nisl venenatis lacinia. Aenean sit amet justo. Morbi ut odio.', false, '2020-02-13T12:46:05Z');
insert into notes (id, content, privacy, updated_at) values ('01J7XYX8PZGGYZ85WQF5AN7S29', 'Phasellus in felis. Donec semper sapien a libero. Nam dui.

Proin leo odio, porttitor id, consequat in, consequat ut, nulla. Sed accumsan felis. Ut at dolor quis odio consequat varius.

Integer ac leo. Pellentesque ultrices mattis odio. Donec vitae nisi.', false, '2035-02-27T06:30:21Z');
insert into notes (id, content, privacy, updated_at) values ('01J7XYX8Q0J2ESSQ313XBJRDSV', 'Nulla ut erat id mauris vulputate elementum. Nullam varius. Nulla facilisi.

Cras non velit nec nisi vulputate nonummy. Maecenas tincidunt lacus at velit. Vivamus vel nulla eget eros elementum pellentesque.

Quisque porta volutpat erat. Quisque erat eros, viverra eget, congue eget, semper rutrum, nulla. Nunc purus.', true, '2017-06-23T02:22:34Z');
insert into notes (id, content, privacy, updated_at) values ('01J7XYX8Q04E3NW8BPY0MDJFRE', 'Maecenas ut massa quis augue luctus tincidunt. Nulla mollis molestie lorem. Quisque ut erat.

Curabitur gravida nisi at nibh. In hac habitasse platea dictumst. Aliquam augue quam, sollicitudin vitae, consectetuer eget, rutrum at, lorem.', true, '2012-01-09T00:31:48Z');

-- quotes

insert into quotes (id, content, privacy) values ('01J7XYYSSRD5HS600JEQRD9HA7', 'Cras mi pede, malesuada in, imperdiet et, commodo vulputate, justo. In blandit ultrices enim. Lorem ipsum dolor sit amet, consectetuer adipiscing elit.', false);
insert into quotes (id, content, privacy) values ('01J7XYYSSSJT16BF29M6CBQR4E', 'Vestibulum ac est lacinia nisi venenatis tristique. Fusce congue, diam id ornare imperdiet, sapien urna pretium nisl, ut volutpat sapien arcu sed augue. Aliquam erat volutpat.', false);
insert into quotes (id, content, privacy) values ('01J7XYYSSSFJW8ADSHCKVFTDVK', 'Nullam porttitor lacus at turpis. Donec posuere metus vitae ipsum. Aliquam non mauris.', false);
insert into quotes (id, content, privacy) values ('01J7XYYSSS3P70MSP1TM4ZT61J', 'Maecenas tristique, est et tempus semper, est quam pharetra magna, ac consequat metus sapien ut nunc. Vestibulum ante ipsum primis in faucibus orci luctus et ultrices posuere cubilia Curae;', false);
insert into quotes (id, content, privacy) values ('01J7XYYSSTHKWJ3E7Y5HNCKM0V', 'Aliquam quis turpis eget elit sodales scelerisque. Mauris sit amet eros. Suspendisse accumsan tortor quis turpis.', true);
insert into quotes (id, content, privacy) values ('01J7XYYSSTC6WGQ2XE2F7VZZ11', 'Maecenas tristique, est et tempus semper, est quam pharetra magna, ac consequat metus sapien ut nunc. Vestibulum ante ipsum primis in faucibus orci luctus et ultrices posuere cubilia Curae; Mauris viverra diam vitae quam.', true);
insert into quotes (id, content, privacy) values ('01J7XYYSST5R6H9DZ9C4ZNKKAW', 'In congue. Etiam justo. Etiam pretium iaculis justo.', true);
insert into quotes (id, content, privacy) values ('01J7XYYSSVDH96SK8S6AMQQ2SK', 'Aenean lectus. Pellentesque eget nunc. Donec quis orci eget orci vehicula condimentum.', true);
insert into quotes (id, content, privacy) values ('01J7XYYSSVS9NB9YKXC62JMR5D', 'Praesent id massa id nisl venenatis lacinia. Aenean sit amet justo. Morbi ut odio.', false);
insert into quotes (id, content, privacy) values ('01J7XYYSSV94TTFJ8WZ2ZR5Y8G', 'Quisque porta volutpat erat. Quisque erat eros, viverra eget, congue eget, semper rutrum, nulla. Nunc purus.', false);

-- excerpts

insert into excerpts (id, content, privacy) values ('01J7XYZRE6B2NPQ946G3B2BGRA', 'Integer tincidunt ante vel ipsum. Praesent blandit lacinia erat. Vestibulum sed magna at nunc commodo placerat.

Praesent blandit. Nam nulla. Integer pede justo, lacinia eget, tincidunt eget, tempus vel, pede.

Morbi porttitor lorem id ligula. Suspendisse ornare consequat lectus. In est risus, auctor sed, tristique in, tempus sit amet, sem.', true);
insert into excerpts (id, content, privacy) values ('01J7XYZRE6RAEAEYP1NP853XDJ', 'Curabitur in libero ut massa volutpat convallis. Morbi odio odio, elementum eu, interdum eu, tincidunt in, leo. Maecenas pulvinar lobortis est.

Phasellus sit amet erat. Nulla tempus. Vivamus in felis eu sapien cursus vestibulum.

Proin eu mi. Nulla ac enim. In tempor, turpis nec euismod scelerisque, quam turpis adipiscing lorem, vitae mattis nibh ligula nec sem.

Duis aliquam convallis nunc. Proin at turpis a pede posuere nonummy. Integer non velit.', false);
insert into excerpts (id, content, privacy) values ('01J7XYZRE7MMXXF7R10J83F3CF', 'Morbi porttitor lorem id ligula. Suspendisse ornare consequat lectus. In est risus, auctor sed, tristique in, tempus sit amet, sem.

Fusce consequat. Nulla nisl. Nunc nisl.

Duis bibendum, felis sed interdum venenatis, turpis enim blandit mi, in porttitor pede justo eu massa. Donec dapibus. Duis at velit eu est congue elementum.

In hac habitasse platea dictumst. Morbi vestibulum, velit id pretium iaculis, diam erat fermentum justo, nec condimentum neque sapien placerat ante. Nulla justo.', true);
insert into excerpts (id, content, privacy) values ('01J7XYZRE7Y620AYX0HYT07VYE', 'Curabitur in libero ut massa volutpat convallis. Morbi odio odio, elementum eu, interdum eu, tincidunt in, leo. Maecenas pulvinar lobortis est.

Phasellus sit amet erat. Nulla tempus. Vivamus in felis eu sapien cursus vestibulum.

Proin eu mi. Nulla ac enim. In tempor, turpis nec euismod scelerisque, quam turpis adipiscing lorem, vitae mattis nibh ligula nec sem.

Duis aliquam convallis nunc. Proin at turpis a pede posuere nonummy. Integer non velit.', true);
insert into excerpts (id, content, privacy) values ('01J7XYZRE730JCW0SM9F8YD07G', 'Nulla ut erat id mauris vulputate elementum. Nullam varius. Nulla facilisi.

Cras non velit nec nisi vulputate nonummy. Maecenas tincidunt lacus at velit. Vivamus vel nulla eget eros elementum pellentesque.

Quisque porta volutpat erat. Quisque erat eros, viverra eget, congue eget, semper rutrum, nulla. Nunc purus.

Phasellus in felis. Donec semper sapien a libero. Nam dui.', false);
insert into excerpts (id, content, privacy) values ('01J7XYZRE8VHN6JM9M20VFV6N7', 'Aenean fermentum. Donec ut mauris eget massa tempor convallis. Nulla neque libero, convallis eget, eleifend luctus, ultricies eu, nibh.

Quisque id justo sit amet sapien dignissim vestibulum. Vestibulum ante ipsum primis in faucibus orci luctus et ultrices posuere cubilia Curae; Nulla dapibus dolor vel est. Donec odio justo, sollicitudin ut, suscipit a, feugiat et, eros.

Vestibulum ac est lacinia nisi venenatis tristique. Fusce congue, diam id ornare imperdiet, sapien urna pretium nisl, ut volutpat sapien arcu sed augue. Aliquam erat volutpat.', false);
insert into excerpts (id, content, privacy) values ('01J7XYZRE8HDG37E3RF26VC1VJ', 'Maecenas tristique, est et tempus semper, est quam pharetra magna, ac consequat metus sapien ut nunc. Vestibulum ante ipsum primis in faucibus orci luctus et ultrices posuere cubilia Curae; Mauris viverra diam vitae quam. Suspendisse potenti.

Nullam porttitor lacus at turpis. Donec posuere metus vitae ipsum. Aliquam non mauris.

Morbi non lectus. Aliquam sit amet diam in magna bibendum imperdiet. Nullam orci pede, venenatis non, sodales sed, tincidunt eu, felis.

Fusce posuere felis sed lacus. Morbi sem mauris, laoreet ut, rhoncus aliquet, pulvinar sed, nisl. Nunc rhoncus dui vel sem.

Sed sagittis. Nam congue, risus semper porta volutpat, quam pede lobortis ligula, sit amet eleifend pede libero quis orci. Nullam molestie nibh in lectus.', false);
insert into excerpts (id, content, privacy) values ('01J7XYZRE820CB1CCEX1SNJZ1H', 'In quis justo. Maecenas rhoncus aliquam lacus. Morbi quis tortor id nulla ultrices aliquet.

Maecenas leo odio, condimentum id, luctus nec, molestie sed, justo. Pellentesque viverra pede ac diam. Cras pellentesque volutpat dui.

Maecenas tristique, est et tempus semper, est quam pharetra magna, ac consequat metus sapien ut nunc. Vestibulum ante ipsum primis in faucibus orci luctus et ultrices posuere cubilia Curae; Mauris viverra diam vitae quam. Suspendisse potenti.

Nullam porttitor lacus at turpis. Donec posuere metus vitae ipsum. Aliquam non mauris.

Morbi non lectus. Aliquam sit amet diam in magna bibendum imperdiet. Nullam orci pede, venenatis non, sodales sed, tincidunt eu, felis.', false);
insert into excerpts (id, content, privacy) values ('01J7XYZRE8HP5E9BG39188R1KC', 'Morbi non lectus. Aliquam sit amet diam in magna bibendum imperdiet. Nullam orci pede, venenatis non, sodales sed, tincidunt eu, felis.

Fusce posuere felis sed lacus. Morbi sem mauris, laoreet ut, rhoncus aliquet, pulvinar sed, nisl. Nunc rhoncus dui vel sem.

Sed sagittis. Nam congue, risus semper porta volutpat, quam pede lobortis ligula, sit amet eleifend pede libero quis orci. Nullam molestie nibh in lectus.

Pellentesque at nulla. Suspendisse potenti. Cras in purus eu magna vulputate luctus.', true);
insert into excerpts (id, content, privacy) values ('01J7XYZRE9ME1VXKCT01PZNWE2', 'Nullam sit amet turpis elementum ligula vehicula consequat. Morbi a ipsum. Integer a nibh.

In quis justo. Maecenas rhoncus aliquam lacus. Morbi quis tortor id nulla ultrices aliquet.

Maecenas leo odio, condimentum id, luctus nec, molestie sed, justo. Pellentesque viverra pede ac diam. Cras pellentesque volutpat dui.

Maecenas tristique, est et tempus semper, est quam pharetra magna, ac consequat metus sapien ut nunc. Vestibulum ante ipsum primis in faucibus orci luctus et ultrices posuere cubilia Curae; Mauris viverra diam vitae quam. Suspendisse potenti.', true);

-- book_note

insert into book_note (note_id, book_id, user_id, book_locale_id) values ('01J7XYX8PSNVZP7WQM3QPWNXAY', '01J7W030NT4ZGQEXB6X8241VPG', '01J7XZ486X0V437WJG7ZQMBNRA', '01J7XZR61Z0V204W86GVA6EMH9');
insert into book_note (note_id, book_id, user_id, book_locale_id) values ('01J7XYX8PTH1BRVS7FQYDSKR3W', '01J7W030NT4ZGQEXB6X8241VPG', '01J7XZ486YHE80GNWDVQXG50FQ', '01J7XZR6206M8JBDE11XH58C20');
insert into book_note (note_id, book_id, user_id, book_locale_id) values ('01J7XYX8PV604VQJRYJA1AXPXV', '01J7W030W6G4C92QX73SZ8HW3A', '01J7XZ486X0V437WJG7ZQMBNRA', '01J7XZR621AZJGP487SMCKEDDB');
insert into book_note (note_id, book_id, user_id, book_locale_id) values ('01J7XYX8PWW7YBWRHMYMETDV3W', '01J7W030W86V1WTVBYSRP79APE', '01J7XZ486YHE80GNWDVQXG50FQ', '01J7XZR621ZWN2XG4FMYDK8VHF');
insert into book_note (note_id, book_id, user_id, book_locale_id) values ('01J7XYX8PXSKM01GTMS83RXK4T', '01J7W030W97E1XPTFS0ZCF5Y9P', '01J7XZ486X0V437WJG7ZQMBNRA', '01J7XZR6224Z3M0TCFREXMVQ5T');
insert into book_note (note_id, book_id, user_id, book_locale_id) values ('01J7XYX8PX5B1ZH3R6JHHZV168', '01J7W030WB33P57PYTK6R7WRR7', '01J7XZ48702KHMJA6X979JNGBP', '01J7XZR622KXDR94KRMG8T8E8P');
insert into book_note (note_id, book_id, user_id, book_locale_id) values ('01J7XYX8PYC6FVKZBPY8G5V456', '01J7W030WE7PFAM58P3DBAHYEM', '01J7XZ48717Z9PMYBTJMG7RFPZ', '01J7XZR6222KW56AJ46DJG2EDQ');
insert into book_note (note_id, book_id, user_id, book_locale_id) values ('01J7XYX8PZGGYZ85WQF5AN7S29', '01J7W030WG1MQ7NEZEMY3Q0D9Z', '01J7XZ486ZJQ0F7XN8VQZ0D96R', '01J7XZR6231E6YGMY3TBBFGW51');
insert into book_note (note_id, book_id, user_id, book_locale_id) values ('01J7XYX8Q0J2ESSQ313XBJRDSV', '01J7W030WJY05V9C8TSQ7T7F8B', '01J7XZ487286NTE0KXYFJ7H977', '01J7XZR623YFTHGBSKV39HT7CA');
insert into book_note (note_id, book_id, user_id, book_locale_id) values ('01J7XYX8Q04E3NW8BPY0MDJFRE', '01J7W030WJY05V9C8TSQ7T7F8B', '01J7XZ486ZJQ0F7XN8VQZ0D96R', '01J7XZR624FPTHANZNHB6FMV4M');

-- book_quote

insert into book_quote (quote_id, book_id, user_id, book_locale_id) values ('01J7XYYSSRD5HS600JEQRD9HA7', '01J7W030NT4ZGQEXB6X8241VPG', '01J7XZ486X0V437WJG7ZQMBNRA', '01J7XZR624FGRKA7V181MYD1X4');
insert into book_quote (quote_id, book_id, user_id, book_locale_id) values ('01J7XYYSSSJT16BF29M6CBQR4E', '01J7W030W6G4C92QX73SZ8HW3A', '01J7XZ486X0V437WJG7ZQMBNRA', '01J7XZR625M6S4PTHE7RGYH3DK');
insert into book_quote (quote_id, book_id, user_id, book_locale_id) values ('01J7XYYSSSFJW8ADSHCKVFTDVK', '01J7W030W86V1WTVBYSRP79APE', '01J7XZ486YHE80GNWDVQXG50FQ', '01J7XZR625JQ0V5SWXX33KKFP0');
insert into book_quote (quote_id, book_id, user_id, book_locale_id) values ('01J7XYYSSS3P70MSP1TM4ZT61J', '01J7W030W97E1XPTFS0ZCF5Y9P', '01J7XZ486X0V437WJG7ZQMBNRA', '01J7XZR6269T3HNNXX4GFGW0A8');
insert into book_quote (quote_id, book_id, user_id, book_locale_id) values ('01J7XYYSSTHKWJ3E7Y5HNCKM0V', '01J7W030WB33P57PYTK6R7WRR7', '01J7XZ4873SSRTE4SFFBT0XKG9', '01J7XZR626AV1T7D3J8FA2XX5F');
insert into book_quote (quote_id, book_id, user_id, book_locale_id) values ('01J7XYYSSTC6WGQ2XE2F7VZZ11', '01J7W030NT4ZGQEXB6X8241VPG', '01J7XZ4873SSRTE4SFFBT0XKG9', '01J7XZR626DH0SWSDY42KZ7128');
insert into book_quote (quote_id, book_id, user_id, book_locale_id) values ('01J7XYYSST5R6H9DZ9C4ZNKKAW', '01J7W030WE7PFAM58P3DBAHYEM', '01J7XZ486X0V437WJG7ZQMBNRA', '01J7XZR62790RC0DZQM8RTQM20');
insert into book_quote (quote_id, book_id, user_id, book_locale_id) values ('01J7XYYSSVDH96SK8S6AMQQ2SK', '01J7W030WG1MQ7NEZEMY3Q0D9Z', '01J7XZ486X0V437WJG7ZQMBNRA', '01J7XZR627DP07VPFNBP7E4NB5');
insert into book_quote (quote_id, book_id, user_id, book_locale_id) values ('01J7XYYSSVS9NB9YKXC62JMR5D', '01J7W030NT4ZGQEXB6X8241VPG', '01J7XZ486ZJQ0F7XN8VQZ0D96R', '01J7XZR62809A5MM7J0YZWWGNR');
insert into book_quote (quote_id, book_id, user_id, book_locale_id) values ('01J7XYYSSV94TTFJ8WZ2ZR5Y8G', '01J7W030WJY05V9C8TSQ7T7F8B', '01J7XZ48705VDKPHTJD2XCT0TJ', '01J7XZR628XQKVE10CDG3H9KK4');

-- book_excerpt

insert into book_excerpt (excerpt_id, book_id, user_id, book_locale_id) values ('01J7XYZRE6B2NPQ946G3B2BGRA', '01J7W030W6G4C92QX73SZ8HW3A', '01J7XZ486X0V437WJG7ZQMBNRA', '01J7XZR629ZSFPAZJX89577CYM');
insert into book_excerpt (excerpt_id, book_id, user_id, book_locale_id) values ('01J7XYZRE6RAEAEYP1NP853XDJ', '01J7W030NT4ZGQEXB6X8241VPG', '01J7XZ486X0V437WJG7ZQMBNRA', '01J7XZR629GHHVS3QXT1WKE0Y0');
insert into book_excerpt (excerpt_id, book_id, user_id, book_locale_id) values ('01J7XYZRE7MMXXF7R10J83F3CF', '01J7W030W86V1WTVBYSRP79APE', '01J7XZ48725SRWH03V44T1KG7C', '01J7XZR62A2KPEQZSY1DDFXW21');
insert into book_excerpt (excerpt_id, book_id, user_id, book_locale_id) values ('01J7XYZRE7Y620AYX0HYT07VYE', '01J7W030W97E1XPTFS0ZCF5Y9P', '01J7XZ48725SRWH03V44T1KG7C', '01J7XZR62AJ96V7VZKZB3NN5EG');
insert into book_excerpt (excerpt_id, book_id, user_id, book_locale_id) values ('01J7XYZRE730JCW0SM9F8YD07G', '01J7W030WB33P57PYTK6R7WRR7', '01J7XZ48717Z9PMYBTJMG7RFPZ', '01J7XZR62BMA6C1CC9595WPQ3T');
insert into book_excerpt (excerpt_id, book_id, user_id, book_locale_id) values ('01J7XYZRE8VHN6JM9M20VFV6N7', '01J7W030NT4ZGQEXB6X8241VPG', '01J7XZ48705VDKPHTJD2XCT0TJ', '01J7XZR62B7XQA78E4GFX8HBTP');
insert into book_excerpt (excerpt_id, book_id, user_id, book_locale_id) values ('01J7XYZRE8HDG37E3RF26VC1VJ', '01J7W030WE7PFAM58P3DBAHYEM', '01J7XZ48717Z9PMYBTJMG7RFPZ', '01J7XZR62CPC2P5ETN15P9RWYA');
insert into book_excerpt (excerpt_id, book_id, user_id, book_locale_id) values ('01J7XYZRE820CB1CCEX1SNJZ1H', '01J7W030NT4ZGQEXB6X8241VPG', '01J7XZ48702KHMJA6X979JNGBP', '01J7XZR62CA8GS5M145S90C857');
insert into book_excerpt (excerpt_id, book_id, user_id, book_locale_id) values ('01J7XYZRE8HP5E9BG39188R1KC', '01J7W030WG1MQ7NEZEMY3Q0D9Z', '01J7XZ4873SSRTE4SFFBT0XKG9', '01J7XZR62DD7NJMMNN0NF0EPMK');
insert into book_excerpt (excerpt_id, book_id, user_id, book_locale_id) values ('01J7XYZRE9ME1VXKCT01PZNWE2', '01J7W030WJY05V9C8TSQ7T7F8B', '01J7XZ487286NTE0KXYFJ7H977', '01J7XZR62DX8VDQRQS9417R4BW');

-- bookmark

insert into bookmark (id, book_id, user_id, book_locale_id, privacy) values ('01J7Y8FQ2X0M00XCFZH4CKVGHF', '01J7W030NT4ZGQEXB6X8241VPG', '01J7XZ486X0V437WJG7ZQMBNRA', '01J7Y8KRAY8VFQ7CCG118KSDJK', false);
insert into bookmark (id, book_id, user_id, book_locale_id, privacy) values ('01J7Y8FQ2YTX1YZJHYNN73QS4A', '01J7W030W6G4C92QX73SZ8HW3A', '01J7XZ486X0V437WJG7ZQMBNRA', '01J7Y8KRAZHMPY6WVCRTHX98DM', true);
insert into bookmark (id, book_id, user_id, book_locale_id, privacy) values ('01J7Y8FQ2Y6YYQ9YGBK6JHZ820', '01J7W030W86V1WTVBYSRP79APE', '01J7XZ486YHE80GNWDVQXG50FQ', '01J7Y8KRB057EMQSX7FSJXQS1M', false);
insert into bookmark (id, book_id, user_id, book_locale_id, privacy) values ('01J7Y8FQ2ZW23E9QJ6HEBNBRZB', '01J7W030W97E1XPTFS0ZCF5Y9P', '01J7XZ486ZJQ0F7XN8VQZ0D96R', '01J7Y8KRB1BYJBH4ZY8A65AR4K', false);
insert into bookmark (id, book_id, user_id, book_locale_id, privacy) values ('01J7Y8FQ2ZS844XMCC4JTRMYG9', '01J7W030NT4ZGQEXB6X8241VPG', '01J7XZ48702KHMJA6X979JNGBP', '01J7Y8KRB1D8F10FC9JDXVEM0T', false);
insert into bookmark (id, book_id, user_id, book_locale_id, privacy) values ('01J7Y8FQ2ZYV0AWZD5V67B6FZT', '01J7W030NT4ZGQEXB6X8241VPG', '01J7XZ48705VDKPHTJD2XCT0TJ', '01J7Y8KRB27AZVQQQ9WWWX2BB4', false);
insert into bookmark (id, book_id, user_id, book_locale_id, privacy) values ('01J7Y8FQ30GDSN6C6CYW3TX199', '01J7W030WG1MQ7NEZEMY3Q0D9Z', '01J7XZ48717Z9PMYBTJMG7RFPZ', '01J7Y8KRB29NNZCB6HCS8QXSZK', false);
insert into bookmark (id, book_id, user_id, book_locale_id, privacy) values ('01J7Y8FQ30P1Z0W6X0R7NTAK3Z', '01J7W030WJY05V9C8TSQ7T7F8B', '01J7XZ487286NTE0KXYFJ7H977', '01J7Y8KRB39Y70B82K22DN3Z5A', false);
insert into bookmark (id, book_id, user_id, book_locale_id, privacy) values ('01J7Y8FQ31YG0J0FQ95FGAQ7V9', '01J7W030WMH7SPERF9PDZ4B27W', '01J7XZ48725SRWH03V44T1KG7C', '01J7Y8KRB49FWJST2YHRGF5C22', false);
insert into bookmark (id, book_id, user_id, book_locale_id, privacy) values ('01J7Y8FQ31P34WVES9M5JG9M4T', '01J7W030WPC54NW84W3EATZ714', '01J7XZ4873SSRTE4SFFBT0XKG9', '01J7Y8KRB4673Z5XCHHMR6JABN', true);

-- book_user

insert into book_user (book_id, user_id) values ('01J7W030NT4ZGQEXB6X8241VPG', '01J7XZ486X0V437WJG7ZQMBNRA');
insert into book_user (book_id, user_id) values ('01J7W030W6G4C92QX73SZ8HW3A', '01J7XZ486X0V437WJG7ZQMBNRA');
insert into book_user (book_id, user_id) values ('01J7W030W86V1WTVBYSRP79APE', '01J7XZ486X0V437WJG7ZQMBNRA');
insert into book_user (book_id, user_id) values ('01J7W030W97E1XPTFS0ZCF5Y9P', '01J7XZ486X0V437WJG7ZQMBNRA');
insert into book_user (book_id, user_id) values ('01J7W030WB33P57PYTK6R7WRR7', '01J7XZ486X0V437WJG7ZQMBNRA');
insert into book_user (book_id, user_id) values ('01J7W030WE7PFAM58P3DBAHYEM', '01J7XZ486X0V437WJG7ZQMBNRA');
insert into book_user (book_id, user_id) values ('01J7W030WG1MQ7NEZEMY3Q0D9Z', '01J7XZ486X0V437WJG7ZQMBNRA');
insert into book_user (book_id, user_id) values ('01J7W030WJY05V9C8TSQ7T7F8B', '01J7XZ486X0V437WJG7ZQMBNRA');
insert into book_user (book_id, user_id) values ('01J7W030WMH7SPERF9PDZ4B27W', '01J7XZ486X0V437WJG7ZQMBNRA');
insert into book_user (book_id, user_id) values ('01J7W030WPC54NW84W3EATZ714', '01J7XZ486X0V437WJG7ZQMBNRA');
insert into book_user (book_id, user_id) values ('01J7W030NT4ZGQEXB6X8241VPG', '01J7XZ486YHE80GNWDVQXG50FQ');
insert into book_user (book_id, user_id) values ('01J7W030W6G4C92QX73SZ8HW3A', '01J7XZ486YHE80GNWDVQXG50FQ');
insert into book_user (book_id, user_id) values ('01J7W030W86V1WTVBYSRP79APE', '01J7XZ486YHE80GNWDVQXG50FQ');
insert into book_user (book_id, user_id) values ('01J7W030W97E1XPTFS0ZCF5Y9P', '01J7XZ486YHE80GNWDVQXG50FQ');
insert into book_user (book_id, user_id) values ('01J7W030WB33P57PYTK6R7WRR7', '01J7XZ486YHE80GNWDVQXG50FQ');
insert into book_user (book_id, user_id) values ('01J7W030WE7PFAM58P3DBAHYEM', '01J7XZ486YHE80GNWDVQXG50FQ');
insert into book_user (book_id, user_id) values ('01J7W030WG1MQ7NEZEMY3Q0D9Z', '01J7XZ486YHE80GNWDVQXG50FQ');
insert into book_user (book_id, user_id) values ('01J7W030WJY05V9C8TSQ7T7F8B', '01J7XZ486YHE80GNWDVQXG50FQ');
insert into book_user (book_id, user_id) values ('01J7W030WMH7SPERF9PDZ4B27W', '01J7XZ486YHE80GNWDVQXG50FQ');
insert into book_user (book_id, user_id) values ('01J7W030WPC54NW84W3EATZ714', '01J7XZ486YHE80GNWDVQXG50FQ');
insert into book_user (book_id, user_id) values ('01J7W030NT4ZGQEXB6X8241VPG', '01J7XZ486ZJQ0F7XN8VQZ0D96R');
insert into book_user (book_id, user_id) values ('01J7W030W6G4C92QX73SZ8HW3A', '01J7XZ486ZJQ0F7XN8VQZ0D96R');
insert into book_user (book_id, user_id) values ('01J7W030W86V1WTVBYSRP79APE', '01J7XZ486ZJQ0F7XN8VQZ0D96R');
insert into book_user (book_id, user_id) values ('01J7W030W97E1XPTFS0ZCF5Y9P', '01J7XZ486ZJQ0F7XN8VQZ0D96R');
insert into book_user (book_id, user_id) values ('01J7W030WB33P57PYTK6R7WRR7', '01J7XZ486ZJQ0F7XN8VQZ0D96R');
insert into book_user (book_id, user_id) values ('01J7W030WE7PFAM58P3DBAHYEM', '01J7XZ486ZJQ0F7XN8VQZ0D96R');
insert into book_user (book_id, user_id) values ('01J7W030WG1MQ7NEZEMY3Q0D9Z', '01J7XZ486ZJQ0F7XN8VQZ0D96R');
insert into book_user (book_id, user_id) values ('01J7W030WJY05V9C8TSQ7T7F8B', '01J7XZ486ZJQ0F7XN8VQZ0D96R');
insert into book_user (book_id, user_id) values ('01J7W030WMH7SPERF9PDZ4B27W', '01J7XZ486ZJQ0F7XN8VQZ0D96R');
insert into book_user (book_id, user_id) values ('01J7W030WPC54NW84W3EATZ714', '01J7XZ486ZJQ0F7XN8VQZ0D96R');
insert into book_user (book_id, user_id) values ('01J7W030NT4ZGQEXB6X8241VPG', '01J7XZ48702KHMJA6X979JNGBP');
insert into book_user (book_id, user_id) values ('01J7W030W6G4C92QX73SZ8HW3A', '01J7XZ48702KHMJA6X979JNGBP');
insert into book_user (book_id, user_id) values ('01J7W030W86V1WTVBYSRP79APE', '01J7XZ48702KHMJA6X979JNGBP');
insert into book_user (book_id, user_id) values ('01J7W030W97E1XPTFS0ZCF5Y9P', '01J7XZ48702KHMJA6X979JNGBP');
insert into book_user (book_id, user_id) values ('01J7W030WB33P57PYTK6R7WRR7', '01J7XZ48702KHMJA6X979JNGBP');
insert into book_user (book_id, user_id) values ('01J7W030WE7PFAM58P3DBAHYEM', '01J7XZ48702KHMJA6X979JNGBP');
insert into book_user (book_id, user_id) values ('01J7W030WG1MQ7NEZEMY3Q0D9Z', '01J7XZ48702KHMJA6X979JNGBP');
insert into book_user (book_id, user_id) values ('01J7W030WJY05V9C8TSQ7T7F8B', '01J7XZ48702KHMJA6X979JNGBP');
insert into book_user (book_id, user_id) values ('01J7W030WMH7SPERF9PDZ4B27W', '01J7XZ48702KHMJA6X979JNGBP');
insert into book_user (book_id, user_id) values ('01J7W030WPC54NW84W3EATZ714', '01J7XZ48702KHMJA6X979JNGBP');
insert into book_user (book_id, user_id) values ('01J7W030NT4ZGQEXB6X8241VPG', '01J7XZ48705VDKPHTJD2XCT0TJ');
insert into book_user (book_id, user_id) values ('01J7W030W6G4C92QX73SZ8HW3A', '01J7XZ48705VDKPHTJD2XCT0TJ');
insert into book_user (book_id, user_id) values ('01J7W030W86V1WTVBYSRP79APE', '01J7XZ48705VDKPHTJD2XCT0TJ');
insert into book_user (book_id, user_id) values ('01J7W030W97E1XPTFS0ZCF5Y9P', '01J7XZ48705VDKPHTJD2XCT0TJ');
insert into book_user (book_id, user_id) values ('01J7W030WB33P57PYTK6R7WRR7', '01J7XZ48705VDKPHTJD2XCT0TJ');
insert into book_user (book_id, user_id) values ('01J7W030WE7PFAM58P3DBAHYEM', '01J7XZ48705VDKPHTJD2XCT0TJ');
insert into book_user (book_id, user_id) values ('01J7W030WG1MQ7NEZEMY3Q0D9Z', '01J7XZ48705VDKPHTJD2XCT0TJ');
insert into book_user (book_id, user_id) values ('01J7W030WJY05V9C8TSQ7T7F8B', '01J7XZ48705VDKPHTJD2XCT0TJ');
insert into book_user (book_id, user_id) values ('01J7W030WMH7SPERF9PDZ4B27W', '01J7XZ48705VDKPHTJD2XCT0TJ');
insert into book_user (book_id, user_id) values ('01J7W030WPC54NW84W3EATZ714', '01J7XZ48705VDKPHTJD2XCT0TJ');
insert into book_user (book_id, user_id) values ('01J7W030NT4ZGQEXB6X8241VPG', '01J7XZ48717Z9PMYBTJMG7RFPZ');
insert into book_user (book_id, user_id) values ('01J7W030W6G4C92QX73SZ8HW3A', '01J7XZ48717Z9PMYBTJMG7RFPZ');
insert into book_user (book_id, user_id) values ('01J7W030W86V1WTVBYSRP79APE', '01J7XZ48717Z9PMYBTJMG7RFPZ');
insert into book_user (book_id, user_id) values ('01J7W030W97E1XPTFS0ZCF5Y9P', '01J7XZ48717Z9PMYBTJMG7RFPZ');
insert into book_user (book_id, user_id) values ('01J7W030WB33P57PYTK6R7WRR7', '01J7XZ48717Z9PMYBTJMG7RFPZ');
insert into book_user (book_id, user_id) values ('01J7W030WE7PFAM58P3DBAHYEM', '01J7XZ48717Z9PMYBTJMG7RFPZ');
insert into book_user (book_id, user_id) values ('01J7W030WG1MQ7NEZEMY3Q0D9Z', '01J7XZ48717Z9PMYBTJMG7RFPZ');
insert into book_user (book_id, user_id) values ('01J7W030WJY05V9C8TSQ7T7F8B', '01J7XZ48717Z9PMYBTJMG7RFPZ');
insert into book_user (book_id, user_id) values ('01J7W030WMH7SPERF9PDZ4B27W', '01J7XZ48717Z9PMYBTJMG7RFPZ');
insert into book_user (book_id, user_id) values ('01J7W030WPC54NW84W3EATZ714', '01J7XZ48717Z9PMYBTJMG7RFPZ');
insert into book_user (book_id, user_id) values ('01J7W030NT4ZGQEXB6X8241VPG', '01J7XZ487286NTE0KXYFJ7H977');
insert into book_user (book_id, user_id) values ('01J7W030W6G4C92QX73SZ8HW3A', '01J7XZ487286NTE0KXYFJ7H977');
insert into book_user (book_id, user_id) values ('01J7W030W86V1WTVBYSRP79APE', '01J7XZ487286NTE0KXYFJ7H977');
insert into book_user (book_id, user_id) values ('01J7W030W97E1XPTFS0ZCF5Y9P', '01J7XZ487286NTE0KXYFJ7H977');
insert into book_user (book_id, user_id) values ('01J7W030WB33P57PYTK6R7WRR7', '01J7XZ487286NTE0KXYFJ7H977');
insert into book_user (book_id, user_id) values ('01J7W030WE7PFAM58P3DBAHYEM', '01J7XZ487286NTE0KXYFJ7H977');
insert into book_user (book_id, user_id) values ('01J7W030WG1MQ7NEZEMY3Q0D9Z', '01J7XZ487286NTE0KXYFJ7H977');
insert into book_user (book_id, user_id) values ('01J7W030WJY05V9C8TSQ7T7F8B', '01J7XZ487286NTE0KXYFJ7H977');
insert into book_user (book_id, user_id) values ('01J7W030WMH7SPERF9PDZ4B27W', '01J7XZ487286NTE0KXYFJ7H977');
insert into book_user (book_id, user_id) values ('01J7W030WPC54NW84W3EATZ714', '01J7XZ487286NTE0KXYFJ7H977');
insert into book_user (book_id, user_id) values ('01J7W030NT4ZGQEXB6X8241VPG', '01J7XZ48725SRWH03V44T1KG7C');
insert into book_user (book_id, user_id) values ('01J7W030W6G4C92QX73SZ8HW3A', '01J7XZ48725SRWH03V44T1KG7C');
insert into book_user (book_id, user_id) values ('01J7W030W86V1WTVBYSRP79APE', '01J7XZ48725SRWH03V44T1KG7C');
insert into book_user (book_id, user_id) values ('01J7W030W97E1XPTFS0ZCF5Y9P', '01J7XZ48725SRWH03V44T1KG7C');
insert into book_user (book_id, user_id) values ('01J7W030WB33P57PYTK6R7WRR7', '01J7XZ48725SRWH03V44T1KG7C');
insert into book_user (book_id, user_id) values ('01J7W030WE7PFAM58P3DBAHYEM', '01J7XZ48725SRWH03V44T1KG7C');
insert into book_user (book_id, user_id) values ('01J7W030WG1MQ7NEZEMY3Q0D9Z', '01J7XZ48725SRWH03V44T1KG7C');
insert into book_user (book_id, user_id) values ('01J7W030WJY05V9C8TSQ7T7F8B', '01J7XZ48725SRWH03V44T1KG7C');
insert into book_user (book_id, user_id) values ('01J7W030WMH7SPERF9PDZ4B27W', '01J7XZ48725SRWH03V44T1KG7C');
insert into book_user (book_id, user_id) values ('01J7W030WPC54NW84W3EATZ714', '01J7XZ48725SRWH03V44T1KG7C');
insert into book_user (book_id, user_id) values ('01J7W030NT4ZGQEXB6X8241VPG', '01J7XZ4873SSRTE4SFFBT0XKG9');
insert into book_user (book_id, user_id) values ('01J7W030W6G4C92QX73SZ8HW3A', '01J7XZ4873SSRTE4SFFBT0XKG9');
insert into book_user (book_id, user_id) values ('01J7W030W86V1WTVBYSRP79APE', '01J7XZ4873SSRTE4SFFBT0XKG9');
insert into book_user (book_id, user_id) values ('01J7W030W97E1XPTFS0ZCF5Y9P', '01J7XZ4873SSRTE4SFFBT0XKG9');
insert into book_user (book_id, user_id) values ('01J7W030WB33P57PYTK6R7WRR7', '01J7XZ4873SSRTE4SFFBT0XKG9');
insert into book_user (book_id, user_id) values ('01J7W030WE7PFAM58P3DBAHYEM', '01J7XZ4873SSRTE4SFFBT0XKG9');
insert into book_user (book_id, user_id) values ('01J7W030WG1MQ7NEZEMY3Q0D9Z', '01J7XZ4873SSRTE4SFFBT0XKG9');
insert into book_user (book_id, user_id) values ('01J7W030WJY05V9C8TSQ7T7F8B', '01J7XZ4873SSRTE4SFFBT0XKG9');
insert into book_user (book_id, user_id) values ('01J7W030WMH7SPERF9PDZ4B27W', '01J7XZ4873SSRTE4SFFBT0XKG9');
insert into book_user (book_id, user_id) values ('01J7W030WPC54NW84W3EATZ714', '01J7XZ4873SSRTE4SFFBT0XKG9');

-- follows

insert into follows (id, following_id, followed_id) values ('01J7YABKEZW7DQCVGCM2MJPF3T', '01J7XZ486YHE80GNWDVQXG50FQ', '01J7XZ486X0V437WJG7ZQMBNRA');
insert into follows (id, following_id, followed_id) values ('01J7YABKF06GXCNETK2WGSV0H2', '01J7XZ486ZJQ0F7XN8VQZ0D96R', '01J7XZ486X0V437WJG7ZQMBNRA');
insert into follows (id, following_id, followed_id) values ('01J7YABKF0D0803DCFRTH53QYD', '01J7XZ48702KHMJA6X979JNGBP', '01J7XZ48705VDKPHTJD2XCT0TJ');
insert into follows (id, following_id, followed_id) values ('01J7YABKF07J6SMF4NXXH9B5Y1', '01J7XZ48705VDKPHTJD2XCT0TJ', '01J7XZ486X0V437WJG7ZQMBNRA');
insert into follows (id, following_id, followed_id) values ('01J7YABKF1APWW3FNJ7EHMNK24', '01J7XZ486X0V437WJG7ZQMBNRA', '01J7XZ48725SRWH03V44T1KG7C');
insert into follows (id, following_id, followed_id) values ('01J7YABKF1Z9A60YN4QH9NZ4QX', '01J7XZ486X0V437WJG7ZQMBNRA', '01J7XZ4873SSRTE4SFFBT0XKG9');
insert into follows (id, following_id, followed_id) values ('01J7YABKF1MGP87YVWX71ZSS8B', '01J7XZ487286NTE0KXYFJ7H977', '01J7XZ48705VDKPHTJD2XCT0TJ');

-- read_later

insert into read_later (id, book_id, user_id, privacy, updated_at) values ('01J7YAWDCKZC7B6DG10HXNWD7Q', '01J7W030NT4ZGQEXB6X8241VPG', '01J7XZ486X0V437WJG7ZQMBNRA', true, '8/22/2024');
insert into read_later (id, book_id, user_id, privacy, updated_at) values ('01J7YAWDCK2KM68KZN4XJJJP1T', '01J7W030W6G4C92QX73SZ8HW3A', '01J7XZ486X0V437WJG7ZQMBNRA', true, '9/1/2024');
insert into read_later (id, book_id, user_id, privacy, updated_at) values ('01J7YAWDCM1VMPKCB4T2K3P9G5', '01J7W030W97E1XPTFS0ZCF5Y9P', '01J7XZ486X0V437WJG7ZQMBNRA', false, '11/29/2023');
insert into read_later (id, book_id, user_id, privacy, updated_at) values ('01J7YAWDCM3BVKN61M922SYRX0', '01J7W030NT4ZGQEXB6X8241VPG', '01J7XZ486YHE80GNWDVQXG50FQ', true, '11/20/2023');
insert into read_later (id, book_id, user_id, privacy, updated_at) values ('01J7YAWDCMZZP432GQM4VTSWY8', '01J7W030W6G4C92QX73SZ8HW3A', '01J7XZ486YHE80GNWDVQXG50FQ', false, '11/9/2023');
insert into read_later (id, book_id, user_id, privacy, updated_at) values ('01J7YAWDCNS8THW6SE3TP1EFRT', '01J7W030W97E1XPTFS0ZCF5Y9P', '01J7XZ48702KHMJA6X979JNGBP', true, '11/11/2023');
insert into read_later (id, book_id, user_id, privacy, updated_at) values ('01J7YAWDCN7YV6N4EJMPMAKF2F', '01J7W030NT4ZGQEXB6X8241VPG', '01J7XZ48717Z9PMYBTJMG7RFPZ', false, '7/14/2024');
insert into read_later (id, book_id, user_id, privacy, updated_at) values ('01J7YAWDCNX590APKG2X4S2EWE', '01J7W030W6G4C92QX73SZ8HW3A', '01J7XZ487286NTE0KXYFJ7H977', true, '2/22/2024');
insert into read_later (id, book_id, user_id, privacy, updated_at) values ('01J7YAWDCP5G1M16D2CQV6AAFW', '01J7W030W97E1XPTFS0ZCF5Y9P', '01J7XZ48725SRWH03V44T1KG7C', false, '2/1/2024');

-- lists

insert into lists (id, name, description, privacy, updated_at) values ('01J7YBMKP774QNZ7R46Y1WQXQ7', 'Vinni', 'curabitur in libero ut massa volutpat convallis morbi odio odio elementum eu interdum eu tincidunt in leo maecenas pulvinar lobortis', true, '2023-10-20T21:01:00Z');
insert into lists (id, name, description, privacy, updated_at) values ('01J7YBMKP9NHM5J2RH98KHNRA2', 'Sheri', 'convallis nulla neque libero convallis eget eleifend luctus ultricies eu', false, '2024-02-01T20:47:32Z');
insert into lists (id, name, description, privacy, updated_at) values ('01J7YBMKPAE9P5CMG7XKHNWR7K', 'Shaine', 'vel lectus in quam fringilla rhoncus mauris enim leo rhoncus sed vestibulum sit amet cursus id turpis', false, '2024-08-26T19:58:57Z');

-- user_lists

insert into user_lists (user_id, list_id) values ('01J7XZ486X0V437WJG7ZQMBNRA', '01J7YBMKP774QNZ7R46Y1WQXQ7');
insert into user_lists (user_id, list_id) values ('01J7XZ486YHE80GNWDVQXG50FQ', '01J7YBMKP9NHM5J2RH98KHNRA2');
insert into user_lists (user_id, list_id) values ('01J7XZ486ZJQ0F7XN8VQZ0D96R', '01J7YBMKPAE9P5CMG7XKHNWR7K');

-- user_lists

insert into list_books (list_id, book_id) values ('01J7YBMKP774QNZ7R46Y1WQXQ7', '01J7W030WB33P57PYTK6R7WRR7');
insert into list_books (list_id, book_id) values ('01J7YBMKP774QNZ7R46Y1WQXQ7', '01J7W030WJY05V9C8TSQ7T7F8B');
insert into list_books (list_id, book_id) values ('01J7YBMKP774QNZ7R46Y1WQXQ7', '01J7W030NT4ZGQEXB6X8241VPG');
insert into list_books (list_id, book_id) values ('01J7YBMKP774QNZ7R46Y1WQXQ7', '01J7W030WPC54NW84W3EATZ714');
insert into list_books (list_id, book_id) values ('01J7YBMKP9NHM5J2RH98KHNRA2', '01J7W030NT4ZGQEXB6X8241VPG');
insert into list_books (list_id, book_id) values ('01J7YBMKP9NHM5J2RH98KHNRA2', '01J7W030W97E1XPTFS0ZCF5Y9P');
insert into list_books (list_id, book_id) values ('01J7YBMKP9NHM5J2RH98KHNRA2', '01J7W030WJY05V9C8TSQ7T7F8B');
insert into list_books (list_id, book_id) values ('01J7YBMKPAE9P5CMG7XKHNWR7K', '01J7W030W6G4C92QX73SZ8HW3A');
insert into list_books (list_id, book_id) values ('01J7YBMKPAE9P5CMG7XKHNWR7K', '01J7W030WPC54NW84W3EATZ714');
insert into list_books (list_id, book_id) values ('01J7YBMKPAE9P5CMG7XKHNWR7K', '01J7W030NT4ZGQEXB6X8241VPG');

-- likes_list

insert into likes_list (user_id, list_id) values ('01J7XZ486X0V437WJG7ZQMBNRA', '01J7YBMKP9NHM5J2RH98KHNRA2');
insert into likes_list (user_id, list_id) values ('01J7XZ486X0V437WJG7ZQMBNRA', '01J7YBMKP774QNZ7R46Y1WQXQ7');
insert into likes_list (user_id, list_id) values ('01J7XZ486YHE80GNWDVQXG50FQ', '01J7YBMKPAE9P5CMG7XKHNWR7K');
insert into likes_list (user_id, list_id) values ('01J7XZ487286NTE0KXYFJ7H977', '01J7YBMKP774QNZ7R46Y1WQXQ7');
insert into likes_list (user_id, list_id) values ('01J7XZ48725SRWH03V44T1KG7C', '01J7YBMKP774QNZ7R46Y1WQXQ7');
insert into likes_list (user_id, list_id) values ('01J7XZ4873SSRTE4SFFBT0XKG9', '01J7YBMKP774QNZ7R46Y1WQXQ7');
insert into likes_list (user_id, list_id) values ('01J7XZ48717Z9PMYBTJMG7RFPZ', '01J7YBMKP9NHM5J2RH98KHNRA2');

-- list_followed

insert into list_followed (user_id, list_id) values ('01J7XZ486X0V437WJG7ZQMBNRA', '01J7YBMKP9NHM5J2RH98KHNRA2');
insert into list_followed (user_id, list_id) values ('01J7XZ486X0V437WJG7ZQMBNRA', '01J7YBMKP774QNZ7R46Y1WQXQ7');
insert into list_followed (user_id, list_id) values ('01J7XZ486YHE80GNWDVQXG50FQ', '01J7YBMKPAE9P5CMG7XKHNWR7K');
insert into list_followed (user_id, list_id) values ('01J7XZ487286NTE0KXYFJ7H977', '01J7YBMKP774QNZ7R46Y1WQXQ7');
insert into list_followed (user_id, list_id) values ('01J7XZ48725SRWH03V44T1KG7C', '01J7YBMKP774QNZ7R46Y1WQXQ7');
insert into list_followed (user_id, list_id) values ('01J7XZ4873SSRTE4SFFBT0XKG9', '01J7YBMKP774QNZ7R46Y1WQXQ7');
insert into list_followed (user_id, list_id) values ('01J7XZ48717Z9PMYBTJMG7RFPZ', '01J7YBMKP9NHM5J2RH98KHNRA2');
insert into list_followed (user_id, list_id) values ('01J7XZ48725SRWH03V44T1KG7C', '01J7YBMKP9NHM5J2RH98KHNRA2');

-- reading_progress

insert into reading_progress (id, book_id, user_id, book_locale_id, privacy, last_reading, started, finished) values ('01J7YE0HE5YGEKA21AT04QJZHW', '01J7W030NT4ZGQEXB6X8241VPG', '01J7XZ486X0V437WJG7ZQMBNRA', '01J7YEG8ED1PVRAWYJ1MJDDM9X', false, '2006-01-26T21:14:01Z', true, false);
insert into reading_progress (id, book_id, user_id, book_locale_id, privacy, last_reading, started, finished) values ('01J7YE0HE7Y4SJQGJ099ZHGKNC', '01J7W030W6G4C92QX73SZ8HW3A', '01J7XZ486X0V437WJG7ZQMBNRA', '01J7YEG8EFK1RM37WT5JY4X0W0', false, '2031-04-26T13:30:30Z', true, false);
insert into reading_progress (id, book_id, user_id, book_locale_id, privacy, last_reading, started, finished) values ('01J7YE0HE8RHWJHKVMWK2G4HNQ', '01J7W030W86V1WTVBYSRP79APE', '01J7XZ487286NTE0KXYFJ7H977', '01J7YEG8EG3MPRSQ3K1R5SVKJX', false, '2040-06-27T00:52:41Z', false, false);
insert into reading_progress (id, book_id, user_id, book_locale_id, privacy, last_reading, started, finished) values ('01J7YE0HE95P78J8QSWWFEHKFN', '01J7W030WB33P57PYTK6R7WRR7', '01J7XZ48725SRWH03V44T1KG7C', '01J7YEG8EJ1WAJKRCTPWYTRAV9', true, '2036-04-06T16:32:16Z', false, true);
insert into reading_progress (id, book_id, user_id, book_locale_id, privacy, last_reading, started, finished) values ('01J7YE0HEBJD11FMQ5T2Y9W5W8', '01J7W030NT4ZGQEXB6X8241VPG', '01J7XZ486YHE80GNWDVQXG50FQ', '01J7YEG8EKZ3T6Y5N8D08WBMKP', false, '2048-12-25T15:09:35Z', true, true);

-- goals

insert into goals (id, name, description, duration, start_time, end_date, updated_at) values ('01J7Z1RMP7VN516X9W07V6TJJX', 'magna', 'odio condimentum id luctus nec molestie sed justo pellentesque viverra pede ac diam cras pellentesque volutpat dui maecenas tristique', INTERVAL '45 MIN', '3:22:00', '4/19/2024', '2023-12-16T03:36:49Z');
insert into goals (id, name, description, duration, start_time, end_date, updated_at) values ('01J7Z1RMPB4EQX4A5VMTXE8VY2', 'sit', 'purus sit amet nulla quisque arcu libero rutrum ac lobortis', INTERVAL '60 MIN', '17:58:00', '5/8/2024', '2024-01-28T05:05:29Z');
insert into goals (id, name, description, duration, start_time, end_date, updated_at) values ('01J7Z1RMPCV3Y9B24P2P88ZQGE', 'ante nulla justo', 'nulla pede ullamcorper augue a suscipit nulla elit ac nulla sed vel', INTERVAL '5 MIN', '9:18:00', '9/29/2023', '2023-12-14T17:10:59Z');
insert into goals (id, name, description, duration, start_time, end_date, updated_at) values ('01J7Z1RMPD1ZYV60RTECANPKYJ', 'et', 'commodo vulputate justo in blandit ultrices enim lorem ipsum dolor sit', INTERVAL '10 MIN', '21:37:00', '10/3/2023', '2024-08-27T23:23:07Z');
insert into goals (id, name, description, duration, start_time, end_date, updated_at) values ('01J7Z1RMPE42HH1HD8HWW5APM6', 'erat quisque erat', 'augue aliquam erat volutpat in congue etiam justo etiam pretium iaculis justo in hac habitasse platea dictumst etiam faucibus cursus', INTERVAL '20 MIN', '7:19:00', '9/26/2023', '2023-10-19T14:18:58Z');

-- frequency_options

insert into frequency_options (id, name) values (1, 'once');
insert into frequency_options (id, name) values (2, 'daily');
insert into frequency_options (id, name) values (3, 'weekly');
insert into frequency_options (id, name) values (4, 'monthly');

-- frequencies

insert into frequencies (id, frequency_options_id, marker) values ('01J7Z3SE81YG0K3DP7BE5T96YF', 1, '{"date":"10-20-2024"}');
insert into frequencies (id, frequency_options_id, marker) values ('01J7Z3SE82QPYRJWN010Q071XQ', 2, null);
insert into frequencies (id, frequency_options_id, marker) values ('01J7Z3SE83R27PEXA09KM7BH1D', 3, '{"week_days":[1, 3, 5]}');
insert into frequencies (id, frequency_options_id, marker) values ('01J7Z3SE843GE3684JG4DZCNK7', 4, '{"date":"10-12-2024", "type":"day"}');
insert into frequencies (id, frequency_options_id, marker) values ('01J7Z3SE84MX3NMZ7T065Y5CHA', 4, '{"date":"11-2-2024", "type":"week_day"}');

-- frequency_goal

insert into frequency_goal (frequency_id, goal_id) values ('01J7Z3SE81YG0K3DP7BE5T96YF', '01J7Z1RMP7VN516X9W07V6TJJX');
insert into frequency_goal (frequency_id, goal_id) values ('01J7Z3SE82QPYRJWN010Q071XQ', '01J7Z1RMPB4EQX4A5VMTXE8VY2');
insert into frequency_goal (frequency_id, goal_id) values ('01J7Z3SE83R27PEXA09KM7BH1D', '01J7Z1RMPCV3Y9B24P2P88ZQGE');
insert into frequency_goal (frequency_id, goal_id) values ('01J7Z3SE843GE3684JG4DZCNK7', '01J7Z1RMPD1ZYV60RTECANPKYJ');
insert into frequency_goal (frequency_id, goal_id) values ('01J7Z3SE84MX3NMZ7T065Y5CHA', '01J7Z1RMPE42HH1HD8HWW5APM6');

-- user_goal

insert into user_goal (user_id, goal_id) values ('01J7XZ486X0V437WJG7ZQMBNRA', '01J7Z1RMP7VN516X9W07V6TJJX');
insert into user_goal (user_id, goal_id) values ('01J7XZ486X0V437WJG7ZQMBNRA', '01J7Z1RMPB4EQX4A5VMTXE8VY2');
insert into user_goal (user_id, goal_id) values ('01J7XZ486YHE80GNWDVQXG50FQ', '01J7Z1RMPCV3Y9B24P2P88ZQGE');
insert into user_goal (user_id, goal_id) values ('01J7XZ486ZJQ0F7XN8VQZ0D96R', '01J7Z1RMPD1ZYV60RTECANPKYJ');
insert into user_goal (user_id, goal_id) values ('01J7XZ48702KHMJA6X979JNGBP', '01J7Z1RMPE42HH1HD8HWW5APM6');

-- goal_book

insert into goal_book (book_id, goal_id) values ('01J7W030NT4ZGQEXB6X8241VPG', '01J7Z1RMP7VN516X9W07V6TJJX');
insert into goal_book (book_id, goal_id) values ('01J7W030W86V1WTVBYSRP79APE', '01J7Z1RMPCV3Y9B24P2P88ZQGE');
insert into goal_book (book_id, goal_id) values ('01J7W030WB33P57PYTK6R7WRR7', '01J7Z1RMPD1ZYV60RTECANPKYJ');

-- reminders

insert into reminders (id, name, description, reminder_datetime, is_active, is_sent, updated_at) values ('01J7Z7SRDKRS8BJMB4Q2KG239M', 'Morganica', 'vel accumsan tellus nisi eu orci mauris lacinia sapien quis', '2025-08-17T06:22:04Z', true, true, '2024-01-25T10:22:01Z');
insert into reminders (id, name, description, reminder_datetime, is_active, is_sent, updated_at) values ('01J7Z7SRDMMEDGEXMF5VV4RP72', 'Jabez', 'feugiat non pretium quis lectus suspendisse potenti in eleifend quam a odio in hac habitasse platea dictumst', '2026-03-30T06:15:48Z', true, false, '2024-02-19T21:04:45Z');
insert into reminders (id, name, description, reminder_datetime, is_active, is_sent, updated_at) values ('01J7Z7SRDNKPV1K19EB3HTYVQJ', 'Kial', 'viverra diam vitae quam suspendisse potenti nullam porttitor lacus at', '2026-03-25T10:18:07Z', true, false, '2024-09-15T14:49:01Z');
insert into reminders (id, name, description, reminder_datetime, is_active, is_sent, updated_at) values ('01J7Z7SRDN40BRSQXE3XHXS162', 'Quinta', 'suspendisse potenti nullam porttitor lacus at turpis donec posuere metus vitae', '2026-08-09T23:57:31Z', true, true, '2023-12-05T14:25:09Z');
insert into reminders (id, name, description, reminder_datetime, is_active, is_sent, updated_at) values ('01J7Z7SRDPJRZ2GW2DT20QHR07', 'Tabatha', 'tincidunt ante vel ipsum praesent blandit lacinia erat vestibulum sed magna at nunc commodo placerat praesent', '2026-07-22T17:31:00Z', true, false, '2023-12-12T02:19:33Z');
insert into reminders (id, name, description, reminder_datetime, is_active, is_sent, updated_at) values ('01J7Z7TTZDQJ1Q2X4M0YJSZXG0', 'magna', 'odio condimentum id luctus nec molestie sed justo pellentesque viverra pede ac diam cras pellentesque volutpat dui maecenas tristique', '2026-03-30T06:15:48Z', true, false, '2024-02-19T21:04:45Z');
insert into reminders (id, name, description, reminder_datetime, is_active, is_sent, updated_at) values ('01J7Z7TTZFDK27S3FEHPTECWEH', 'ante nulla justo', 'nulla pede ullamcorper augue a suscipit nulla elit ac nulla sed vel', '2026-03-30T06:15:48Z', true, false, '2024-02-19T21:04:45Z');
insert into reminders (id, name, description, reminder_datetime, is_active, is_sent, updated_at) values ('01J7Z7TTZJ327ZDEFR0C4G7B4Q', 'et', 'commodo vulputate justo in blandit ultrices enim lorem ipsum dolor sit', '2026-03-30T06:15:48Z', true, false, '2024-02-19T21:04:45Z');

-- goal_reminder

insert into goal_reminder (goal_id, remind_id) values ('01J7Z1RMP7VN516X9W07V6TJJX', '01J7Z7TTZDQJ1Q2X4M0YJSZXG0');
insert into goal_reminder (goal_id, remind_id) values ('01J7Z1RMPCV3Y9B24P2P88ZQGE', '01J7Z7TTZFDK27S3FEHPTECWEH');
insert into goal_reminder (goal_id, remind_id) values ('01J7Z1RMPD1ZYV60RTECANPKYJ', '01J7Z7TTZJ327ZDEFR0C4G7B4Q');

-- user_reminder

insert into user_reminder (user_id, remind_id) values ('01J7XZ486X0V437WJG7ZQMBNRA', '01J7Z7TTZDQJ1Q2X4M0YJSZXG0');
insert into user_reminder (user_id, remind_id) values ('01J7XZ486YHE80GNWDVQXG50FQ', '01J7Z7TTZFDK27S3FEHPTECWEH');
insert into user_reminder (user_id, remind_id) values ('01J7XZ486ZJQ0F7XN8VQZ0D96R', '01J7Z7TTZJ327ZDEFR0C4G7B4Q');
insert into user_reminder (user_id, remind_id) values ('01J7XZ486X0V437WJG7ZQMBNRA', '01J7Z7SRDKRS8BJMB4Q2KG239M');
insert into user_reminder (user_id, remind_id) values ('01J7XZ486YHE80GNWDVQXG50FQ', '01J7Z7SRDMMEDGEXMF5VV4RP72');
insert into user_reminder (user_id, remind_id) values ('01J7XZ486ZJQ0F7XN8VQZ0D96R', '01J7Z7SRDNKPV1K19EB3HTYVQJ');
insert into user_reminder (user_id, remind_id) values ('01J7XZ48702KHMJA6X979JNGBP', '01J7Z7SRDN40BRSQXE3XHXS162');
insert into user_reminder (user_id, remind_id) values ('01J7XZ48705VDKPHTJD2XCT0TJ', '01J7Z7SRDPJRZ2GW2DT20QHR07');
